{"cameraMode":{"drawMode":0,"name":"Shaded","section":"Shading Mode"},"sceneLighting":false,"audioPlay":false,"sceneViewState":{"m_AlwaysRefresh":false,"showFog":true,"showSkybox":false,"showFlares":true,"showImageEffects":true,"showParticleSystems":true,"showVisualEffectGraphs":true,"m_FxEnabled":true},"in2DMode":false,"pivot":{"x":0.5410943031311035,"y":0.2088463306427002,"z":0.37637823820114138},"rotation":{"x":-0.0023174353409558536,"y":0.9135599136352539,"z":-0.4066672921180725,"w":-0.005206526257097721},"size":0.462429940700531,"orthographic":false}