{"cameraMode":{"drawMode":0,"name":"Shaded","section":"Shading Mode"},"sceneLighting":false,"audioPlay":false,"sceneViewState":{"m_AlwaysRefresh":false,"showFog":true,"showSkybox":false,"showFlares":true,"showImageEffects":true,"showParticleSystems":true,"showVisualEffectGraphs":true,"m_FxEnabled":true},"in2DMode":false,"pivot":{"x":3.28007173538208,"y":0.08479254692792893,"z":1.1126153469085694},"rotation":{"x":0.0058398135006427769,"y":0.990635335445404,"z":-0.12881748378276826,"w":0.04490746185183525},"size":0.28620868921279909,"orthographic":false}